"Hypothesis","Network","Summary_node","N_nodes","Strength","CI_lower","CI_upper","Rank","N_sig_higher","N_sig_lower","N_comparisons","Sig_highest","Sig_lowest","Verdict","Spec"
"H1","Study1_SUSPECTS_DEU","CM",9,0.685,0.615,0.726,9,0,8,8,FALSE,TRUE,"falsified","EBIC_AND"
"H1","Study1_SUSPECTS_ESP","CM",9,0.499,0.444,0.561,9,0,8,8,FALSE,TRUE,"falsified","EBIC_AND"
"H1","Study1_SUSPECTS_FRA","CM",9,0.734,0.696,0.804,8,1,6,8,FALSE,FALSE,"inconclusive","EBIC_AND"
"H1","Study1_SUSPECTS_GBR","CM",9,0.63,0.574,0.68,9,0,8,8,FALSE,TRUE,"falsified","EBIC_AND"
"H1","Study1_SUSPECTS_ITA","CM",9,0.62,0.557,0.658,9,0,8,8,FALSE,TRUE,"falsified","EBIC_AND"
"H1","Study1_SUSPECTS_POL","CM",9,0.482,0.446,0.569,9,0,8,8,FALSE,TRUE,"falsified","EBIC_AND"
"H1","Study1_SUSPECTS_SWE","CM",9,0.602,0.539,0.646,9,0,8,8,FALSE,TRUE,"falsified","EBIC_AND"
"H1","Study1_SUSPECTS_USA","CM",9,0.683,0.625,0.723,9,0,8,8,FALSE,TRUE,"falsified","EBIC_AND"
"H1","Study2_ACTS_USA","CM",7,1.002,0.928,1.074,1,3,0,6,FALSE,FALSE,"inconclusive","EBIC_AND"
"H1","Study3_CMQ_Australia","CM",5,0.202,0.093,0.278,5,0,4,4,FALSE,TRUE,"falsified","EBIC_AND"
"H1","Study3_CMQ_Brazil","CM",5,0.207,0.112,0.387,5,0,4,4,FALSE,TRUE,"falsified","EBIC_AND"
"H1","Study3_CMQ_Canada","CM",5,0.439,0.382,0.638,5,0,4,4,FALSE,TRUE,"falsified","EBIC_AND"
"H1","Study3_CMQ_Germany","CM",5,0.38,0.291,0.459,5,0,4,4,FALSE,TRUE,"falsified","EBIC_AND"
"H1","Study3_CMQ_Lebanon","CM",5,0.187,0.091,0.369,5,0,4,4,FALSE,TRUE,"falsified","EBIC_AND"
"H1","Study3_CMQ_Morocco","CM",5,0.349,0.305,0.655,5,0,2,4,FALSE,FALSE,"inconclusive","EBIC_AND"
"H1","Study3_CMQ_South Africa","CM",5,0.229,0.129,0.451,5,0,4,4,FALSE,TRUE,"falsified","EBIC_AND"
"H1","Study3_CMQ_United States","CM",5,0.607,0.499,0.683,5,0,2,4,FALSE,FALSE,"inconclusive","EBIC_AND"
"H2","Study1_SUSPECTS_DEU","CB",6,0.972,0.911,1.042,1,4,0,5,FALSE,FALSE,"inconclusive","EBIC_AND"
"H2","Study1_SUSPECTS_ESP","CB",6,0.716,0.663,0.771,5,0,4,5,FALSE,FALSE,"inconclusive","EBIC_AND"
"H2","Study1_SUSPECTS_FRA","CB",6,1.003,0.945,1.065,1,5,0,5,TRUE,FALSE,"supported","EBIC_AND"
"H2","Study1_SUSPECTS_GBR","CB",6,0.929,0.872,0.983,1,3,0,5,FALSE,FALSE,"inconclusive","EBIC_AND"
"H2","Study1_SUSPECTS_ITA","CB",6,0.853,0.793,0.91,3,1,1,5,FALSE,FALSE,"inconclusive","EBIC_AND"
"H2","Study1_SUSPECTS_POL","CB",6,0.738,0.681,0.812,5,1,3,5,FALSE,FALSE,"inconclusive","EBIC_AND"
"H2","Study1_SUSPECTS_SWE","CB",6,0.85,0.78,0.91,3,3,1,5,FALSE,FALSE,"inconclusive","EBIC_AND"
"H2","Study1_SUSPECTS_USA","CB",6,0.954,0.892,1.012,1,4,0,5,FALSE,FALSE,"inconclusive","EBIC_AND"
"H2","Study2_ACTS_USA","CB",5,0.722,0.672,0.791,4,1,3,4,FALSE,FALSE,"inconclusive","EBIC_AND"
"H2","Study3_CMQ_Australia","CB",6,0.637,0.383,0.755,6,0,5,5,FALSE,TRUE,"falsified","EBIC_AND"
"H2","Study3_CMQ_Brazil","CB",6,0.429,0.172,0.501,6,0,5,5,FALSE,TRUE,"falsified","EBIC_AND"
"H2","Study3_CMQ_Canada","CB",6,0.526,0.438,0.731,6,0,5,5,FALSE,TRUE,"falsified","EBIC_AND"
"H2","Study3_CMQ_Germany","CB",6,0.588,0.37,0.725,6,0,5,5,FALSE,TRUE,"falsified","EBIC_AND"
"H2","Study3_CMQ_Lebanon","CB",6,0.231,0.077,0.357,6,0,5,5,FALSE,TRUE,"falsified","EBIC_AND"
"H2","Study3_CMQ_Morocco","CB",6,0.228,0.136,0.365,6,0,5,5,FALSE,TRUE,"falsified","EBIC_AND"
"H2","Study3_CMQ_South Africa","CB",6,0.19,0.131,0.353,6,0,5,5,FALSE,TRUE,"falsified","EBIC_AND"
"H2","Study3_CMQ_United States","CB",6,0.392,0.304,0.662,6,0,5,5,FALSE,TRUE,"falsified","EBIC_AND"
"H1","Study1_SUSPECTS_DEU","CM",9,0.684,0.635,0.792,9,0,7,8,FALSE,FALSE,"inconclusive","CV_AND"
"H1","Study1_SUSPECTS_ESP","CM",9,0.516,0.479,0.589,9,0,8,8,FALSE,TRUE,"falsified","CV_AND"
"H1","Study1_SUSPECTS_FRA","CM",9,0.757,0.709,0.883,8,1,6,8,FALSE,FALSE,"inconclusive","CV_AND"
"H1","Study1_SUSPECTS_GBR","CM",9,0.64,0.602,0.731,9,0,7,8,FALSE,FALSE,"inconclusive","CV_AND"
"H1","Study1_SUSPECTS_ITA","CM",9,0.617,0.575,0.722,9,0,8,8,FALSE,TRUE,"falsified","CV_AND"
"H1","Study1_SUSPECTS_POL","CM",9,0.522,0.489,0.612,9,0,8,8,FALSE,TRUE,"falsified","CV_AND"
"H1","Study1_SUSPECTS_SWE","CM",9,0.6,0.556,0.715,9,0,8,8,FALSE,TRUE,"falsified","CV_AND"
"H1","Study1_SUSPECTS_USA","CM",9,0.683,0.635,0.727,9,0,8,8,FALSE,TRUE,"falsified","CV_AND"
"H1","Study2_ACTS_USA","CM",7,1.015,0.951,1.082,1,3,0,6,FALSE,FALSE,"inconclusive","CV_AND"
"H1","Study3_CMQ_Australia","CM",5,0.197,0.139,0.395,5,0,4,4,FALSE,TRUE,"falsified","CV_AND"
"H1","Study3_CMQ_Brazil","CM",5,0.308,0.156,0.44,5,0,4,4,FALSE,TRUE,"falsified","CV_AND"
"H1","Study3_CMQ_Canada","CM",5,0.534,0.4,0.64,5,0,4,4,FALSE,TRUE,"falsified","CV_AND"
"H1","Study3_CMQ_Germany","CM",5,0.444,0.33,0.583,5,0,4,4,FALSE,TRUE,"falsified","CV_AND"
"H1","Study3_CMQ_Lebanon","CM",5,0.274,0.181,0.397,5,0,4,4,FALSE,TRUE,"falsified","CV_AND"
"H1","Study3_CMQ_Morocco","CM",5,0.541,0.388,0.676,5,0,2,4,FALSE,FALSE,"inconclusive","CV_AND"
"H1","Study3_CMQ_South Africa","CM",5,0.316,0.194,0.482,5,0,4,4,FALSE,TRUE,"falsified","CV_AND"
"H1","Study3_CMQ_United States","CM",5,0.598,0.519,0.755,5,0,2,4,FALSE,FALSE,"inconclusive","CV_AND"
"H2","Study1_SUSPECTS_DEU","CB",6,0.977,0.912,1.035,1,4,0,5,FALSE,FALSE,"inconclusive","CV_AND"
"H2","Study1_SUSPECTS_ESP","CB",6,0.716,0.658,0.778,5,0,4,5,FALSE,FALSE,"inconclusive","CV_AND"
"H2","Study1_SUSPECTS_FRA","CB",6,1.003,0.941,1.062,1,5,0,5,TRUE,FALSE,"supported","CV_AND"
"H2","Study1_SUSPECTS_GBR","CB",6,0.929,0.869,0.981,1,3,0,5,FALSE,FALSE,"inconclusive","CV_AND"
"H2","Study1_SUSPECTS_ITA","CB",6,0.853,0.796,0.912,3,1,0,5,FALSE,FALSE,"inconclusive","CV_AND"
"H2","Study1_SUSPECTS_POL","CB",6,0.751,0.699,0.81,5,1,3,5,FALSE,FALSE,"inconclusive","CV_AND"
"H2","Study1_SUSPECTS_SWE","CB",6,0.85,0.788,0.913,3,3,1,5,FALSE,FALSE,"inconclusive","CV_AND"
"H2","Study1_SUSPECTS_USA","CB",6,0.954,0.89,1.02,1,4,0,5,FALSE,FALSE,"inconclusive","CV_AND"
"H2","Study2_ACTS_USA","CB",5,0.73,0.691,0.81,4,1,3,4,FALSE,FALSE,"inconclusive","CV_AND"
"H2","Study3_CMQ_Australia","CB",6,0.636,0.512,0.754,6,0,5,5,FALSE,TRUE,"falsified","CV_AND"
"H2","Study3_CMQ_Brazil","CB",6,0.413,0.316,0.559,6,0,5,5,FALSE,TRUE,"falsified","CV_AND"
"H2","Study3_CMQ_Canada","CB",6,0.643,0.554,0.772,6,0,5,5,FALSE,TRUE,"falsified","CV_AND"
"H2","Study3_CMQ_Germany","CB",6,0.637,0.519,0.77,6,0,5,5,FALSE,TRUE,"falsified","CV_AND"
"H2","Study3_CMQ_Lebanon","CB",6,0.228,0.157,0.478,6,0,5,5,FALSE,TRUE,"falsified","CV_AND"
"H2","Study3_CMQ_Morocco","CB",6,0.268,0.211,0.47,6,0,5,5,FALSE,TRUE,"falsified","CV_AND"
"H2","Study3_CMQ_South Africa","CB",6,0.285,0.197,0.48,6,0,5,5,FALSE,TRUE,"falsified","CV_AND"
"H2","Study3_CMQ_United States","CB",6,0.567,0.371,0.691,6,0,5,5,FALSE,TRUE,"falsified","CV_AND"
"H1","Study1_SUSPECTS_DEU","CM",9,0.684,0.637,0.794,9,0,7,8,FALSE,FALSE,"inconclusive","CV_OR"
"H1","Study1_SUSPECTS_ESP","CM",9,0.524,0.488,0.586,9,0,8,8,FALSE,TRUE,"falsified","CV_OR"
"H1","Study1_SUSPECTS_FRA","CM",9,0.757,0.713,0.888,8,1,6,8,FALSE,FALSE,"inconclusive","CV_OR"
"H1","Study1_SUSPECTS_GBR","CM",9,0.64,0.61,0.731,9,0,7,8,FALSE,FALSE,"inconclusive","CV_OR"
"H1","Study1_SUSPECTS_ITA","CM",9,0.617,0.582,0.725,9,0,8,8,FALSE,TRUE,"falsified","CV_OR"
"H1","Study1_SUSPECTS_POL","CM",9,0.531,0.497,0.608,9,0,8,8,FALSE,TRUE,"falsified","CV_OR"
"H1","Study1_SUSPECTS_SWE","CM",9,0.6,0.562,0.715,9,0,8,8,FALSE,TRUE,"falsified","CV_OR"
"H1","Study1_SUSPECTS_USA","CM",9,0.683,0.644,0.725,9,0,8,8,FALSE,TRUE,"falsified","CV_OR"
"H1","Study2_ACTS_USA","CM",7,1.015,0.956,1.087,1,3,0,6,FALSE,FALSE,"inconclusive","CV_OR"
"H1","Study3_CMQ_Australia","CM",5,0.197,0.143,0.381,5,0,4,4,FALSE,TRUE,"falsified","CV_OR"
"H1","Study3_CMQ_Brazil","CM",5,0.308,0.162,0.456,5,0,4,4,FALSE,TRUE,"falsified","CV_OR"
"H1","Study3_CMQ_Canada","CM",5,0.534,0.403,0.643,5,0,4,4,FALSE,TRUE,"falsified","CV_OR"
"H1","Study3_CMQ_Germany","CM",5,0.461,0.337,0.573,5,0,4,4,FALSE,TRUE,"falsified","CV_OR"
"H1","Study3_CMQ_Lebanon","CM",5,0.286,0.202,0.405,5,0,4,4,FALSE,TRUE,"falsified","CV_OR"
"H1","Study3_CMQ_Morocco","CM",5,0.541,0.389,0.668,5,0,2,4,FALSE,FALSE,"inconclusive","CV_OR"
"H1","Study3_CMQ_South Africa","CM",5,0.328,0.206,0.479,5,0,4,4,FALSE,TRUE,"falsified","CV_OR"
"H1","Study3_CMQ_United States","CM",5,0.598,0.524,0.748,5,0,2,4,FALSE,FALSE,"inconclusive","CV_OR"
"H2","Study1_SUSPECTS_DEU","CB",6,0.977,0.915,1.039,1,4,0,5,FALSE,FALSE,"inconclusive","CV_OR"
"H2","Study1_SUSPECTS_ESP","CB",6,0.716,0.661,0.78,5,0,3,5,FALSE,FALSE,"inconclusive","CV_OR"
"H2","Study1_SUSPECTS_FRA","CB",6,1.003,0.943,1.062,1,5,0,5,TRUE,FALSE,"supported","CV_OR"
"H2","Study1_SUSPECTS_GBR","CB",6,0.929,0.873,0.983,1,3,0,5,FALSE,FALSE,"inconclusive","CV_OR"
"H2","Study1_SUSPECTS_ITA","CB",6,0.853,0.795,0.91,3,1,0,5,FALSE,FALSE,"inconclusive","CV_OR"
"H2","Study1_SUSPECTS_POL","CB",6,0.751,0.698,0.816,5,1,2,5,FALSE,FALSE,"inconclusive","CV_OR"
"H2","Study1_SUSPECTS_SWE","CB",6,0.85,0.79,0.914,3,3,1,5,FALSE,FALSE,"inconclusive","CV_OR"
"H2","Study1_SUSPECTS_USA","CB",6,0.954,0.892,1.017,1,4,0,5,FALSE,FALSE,"inconclusive","CV_OR"
"H2","Study2_ACTS_USA","CB",5,0.736,0.697,0.809,4,1,3,4,FALSE,FALSE,"inconclusive","CV_OR"
"H2","Study3_CMQ_Australia","CB",6,0.636,0.517,0.765,6,0,5,5,FALSE,TRUE,"falsified","CV_OR"
"H2","Study3_CMQ_Brazil","CB",6,0.413,0.323,0.578,6,0,5,5,FALSE,TRUE,"falsified","CV_OR"
"H2","Study3_CMQ_Canada","CB",6,0.643,0.538,0.762,6,0,5,5,FALSE,TRUE,"falsified","CV_OR"
"H2","Study3_CMQ_Germany","CB",6,0.647,0.52,0.772,6,0,5,5,FALSE,TRUE,"falsified","CV_OR"
"H2","Study3_CMQ_Lebanon","CB",6,0.243,0.176,0.489,6,0,5,5,FALSE,TRUE,"falsified","CV_OR"
"H2","Study3_CMQ_Morocco","CB",6,0.282,0.232,0.475,6,0,5,5,FALSE,TRUE,"falsified","CV_OR"
"H2","Study3_CMQ_South Africa","CB",6,0.296,0.205,0.488,6,0,5,5,FALSE,TRUE,"falsified","CV_OR"
"H2","Study3_CMQ_United States","CB",6,0.567,0.387,0.688,6,0,5,5,FALSE,TRUE,"falsified","CV_OR"
